cod_user,nombre,correo,passw,area
101,Oliy Birt,obirt0@wix.com,MF8FhYCo,1
102,Amalia Mustin,amustin1@parallels.com,H0YtW1uzz1t,1
103,Bathsheba Hadigate,bhadigate2@youtu.be,7MureL1uC09b,1
104,Clemens Ranscombe,cranscombe3@yelp.com,v4eAXI,1
105,Martyn Sheehan,msheehan4@tamu.edu,gRIH7FQ,1
106,Tymothy Silberschatz,tsilberschatz5@mozilla.org,dd79oQyQEl,2
107,Winfield Geistbeck,wgeistbeck6@kickstarter.com,niE4dNpRb,2
108,Livvy Alden,lalden7@amazonaws.com,UPeUqB,2
109,Teddy Deighan,tdeighan8@istockphoto.com,kJYqrH,1
110,Diana Rupke,drupke9@stumbleupon.com,2K3NezOAvt,1
111,Mill Craigheid,mcraigheida@tripadvisor.com,sgXYyvgmb,1
112,Bari Tezure,btezureb@sciencedaily.com,GdGdlVHk,1
113,Lynde Norledge,lnorledgec@wisc.edu,kKmJzBYuX,1
114,Hillel Sanney,hsanneyd@indiatimes.com,GWTY4Z,1
115,Tawnya Agates,tagatese@accuweather.com,6nl01z,2
116,Estele Sharple,esharplef@illinois.edu,hzZKiNzh,1
117,Sidonia Haycock,shaycockg@tripadvisor.com,M8Fv8L5b33yr,1
118,Toma Amoss,tamossh@chron.com,q3JcsfXCw,2
119,Waldon Lindermann,wlindermanni@state.tx.us,IHmlHyp,2
120,Elwin Bernhardt,ebernhardtj@ox.ac.uk,tdF4FLcr,2
121,Pavel Reffe,preffek@sphinn.com,bIR7a9mQ1O0Z,2
122,Sissie Rainard,srainardl@cmu.edu,vYIZV6C2cekA,1
123,Cherry Chretien,cchretienm@lulu.com,Tp6zQpy6R,2
124,Vikki Rogers,vrogersn@clickbank.net,NaxDAPoCNxu8,2
125,Dannie Oldnall,doldnallo@t-online.de,if4tWWpKId,1
126,Giacopo Lammie,glammiep@ocn.ne.jp,xAF9oESnTr,2
127,Raimundo Tompkin,rtompkinq@psu.edu,4pGasXg8BO,1
128,Kitty Jerschke,kjerschker@gizmodo.com,sAYz7DqJ35Fb,1
129,Joane Eixenberger,jeixenbergers@behance.net,KBeemL,2
130,Rosie Hailwood,rhailwoodt@bandcamp.com,49EQUX,2
131,Hayyim Sitlinton,hsitlintonu@hhs.gov,M8HMXqsTc,2
132,Sayer Rysdale,srysdalev@slideshare.net,f5DpRqV5xF,2
133,Dotty Tremmel,dtremmelw@eventbrite.com,r28XJqkn,2
134,Bernarr Twidell,btwidellx@cnbc.com,xs1Y1WIX3qA2,1
135,Charmaine Arrighini,carrighiniy@deliciousdays.com,8EAwCTz56TN,1
136,Meredithe Bleakley,mbleakleyz@trellian.com,V4lAgD92,1
137,Adda Burel,aburel10@globo.com,PFZ4440IY,2
138,Maris Maven,mmaven11@tripod.com,zLDSAvNlt2,1
139,Torey Peiro,tpeiro12@taobao.com,3T9IV1w4,2
140,Shandee Carlo,scarlo13@engadget.com,Vh5217KjOnAD,2
141,Lurline Etoile,letoile14@hp.com,PT4obyIKbR,1
142,Devon Brandon,dbrandon15@example.com,rS1w6Wlfz2wd,1
143,Kirbee Garvan,kgarvan16@alexa.com,9OXEoybNIVY,1
144,Zenia Giorio,zgiorio17@tiny.cc,Ht7b9W,1
145,Nikolaus Storah,nstorah18@yelp.com,GhVKY5mrXpZ,1
146,Gregor Cargon,gcargon19@businessweek.com,kqX2oC,1
147,Tawnya Donaldson,tdonaldson1a@google.fr,YNb9Znl,2
148,Lorrayne McGreay,lmcgreay1b@addthis.com,2Sy35e,2
149,Nana McCritichie,nmccritichie1c@rediff.com,TkhIp6x7,2
150,Hercules Westby,hwestby1d@mtv.com,we7rsSVo,1
