VERIFICATION_CODE,DESCRIPCION,FECHA_INICIO,FECHA_FIN,ESTADO,SUGERENCIA,CODIGO_ADVISOR
410,quisque arcu libero,01/01/2019,30/01/2019,1,,121
411,vitae quam,01/01/2019,30/01/2019,1,,122
412,eget orci vehicula,01/01/2019,30/01/2019,2,,123
413,aliquet ultrices erat,01/01/2019,30/01/2019,2,,124
414,primis in faucibus,01/01/2019,30/01/2019,1,,125
415,dictumst morbi vestibulum,01/01/2019,30/01/2019,2,ultrices aliquet maecenas leo,126
416,magnis dis,01/01/2019,30/01/2019,1,,127
417,in sagittis dui,01/01/2019,30/01/2019,1,magna at nunc commodo,128
418,diam erat fermentum,01/01/2019,30/01/2019,1,nulla neque libero convallis,129
419,vestibulum aliquet ultrices,01/01/2019,30/01/2019,2,,130
420,aliquam lacus,01/01/2019,30/01/2019,1,blandit mi in porttitor,131
421,vulputate nonummy maecenas,01/01/2019,30/01/2019,2,lorem quisque ut erat,132
422,lobortis ligula sit,01/01/2019,30/01/2019,2,ut nulla sed,133
423,augue vel,01/01/2019,30/01/2019,1,lectus in est,134
424,curabitur in,01/01/2019,30/01/2019,1,,135
425,nulla neque libero,01/01/2019,30/01/2019,2,,136
426,condimentum neque,01/01/2019,30/01/2019,1,vehicula condimentum curabitur,137
427,lorem vitae mattis,01/01/2019,30/01/2019,1,,138
428,non mauris morbi,01/01/2019,30/01/2019,1,,139
429,volutpat convallis,01/01/2019,30/01/2019,2,,140
