dni,nombre,direccion,telefono,correo,fecha_nac,ingresos,score_crediticio
70000000,Willi Diament,052 3rd Terrace,471-707-5882,wdiament0@google.pl,13/02/1975,5467,526
70000001,Zonnya Brightman,41 Vidon Terrace,708-525-1128,zbrightman1@slashdot.org,10/02/1990,3449,768
70000002,Lacey Olenikov,14 Cambridge Parkway,282-387-4839,lolenikov2@sogou.com,08/12/1985,6269,772
70000003,Netti Ralfe,1484 Waubesa Trail,330-868-9806,nralfe3@aboutads.info,10/08/1968,3079,583
70000004,Jacquetta Chatten,839 Farragut Court,835-598-6839,jchatten4@auda.org.au,19/03/1978,2754,613
70000005,Madelyn McNeil,5005 Northfield Court,306-973-7585,mmcneil5@telegraph.co.uk,30/06/1979,8785,728
70000006,Rivy Measor,84844 Schlimgen Street,726-145-9589,rmeasor6@flickr.com,03/01/1962,4491,507
70000007,Charlotta Hearfield,25526 Morning Way,151-371-8460,chearfield7@alibaba.com,21/12/1985,9674,601
70000008,Jaquenetta MacGilrewy,75 Clarendon Trail,582-632-2669,jmacgilrewy8@prweb.com,14/01/1984,4205,637
70000009,Rorie Maleck,2709 Northland Center,410-927-9739,rmaleck9@github.io,09/12/1982,4757,732
70000010,Ugo McIlhone,29263 Gerald Circle,957-659-2546,umcilhonea@mysql.com,14/02/1992,3642,526
70000011,Hebert Cawthorne,7 Delladonna Road,193-783-2374,hcawthorneb@ebay.com,10/06/1985,9920,661
70000012,Teri Stancliffe,133 Old Gate Court,563-824-5517,tstancliffec@ft.com,05/01/1990,6781,666
70000013,Lorita Shadrack,40 Straubel Avenue,998-390-1660,lshadrackd@wordpress.com,26/09/2000,2404,770
70000014,Kippie Marvell,06 Burning Wood Terrace,544-471-2899,kmarvelle@bluehost.com,20/11/1975,7804,728
70000015,Garret Cullnean,5 Swallow Circle,831-136-5845,gcullneanf@columbia.edu,12/03/1988,4655,572
70000016,Kathryn Nossent,43 Vidon Terrace,692-742-5039,knossentg@java.com,16/10/1992,6592,734
70000017,Mirella Churches,3 Dennis Center,260-159-8465,mchurchesh@microsoft.com,19/06/1968,6262,761
70000018,Caritta Atlay,9596 Arkansas Point,903-651-0410,catlayi@typepad.com,26/03/1963,4960,673
70000019,Carmine MacMearty,7162 Dwight Street,844-579-4792,cmacmeartyj@intel.com,15/03/2000,9783,579
70000020,Brinn Eslemont,72925 Schiller Place,445-200-2334,beslemontk@deviantart.com,09/06/1971,8914,612
70000021,Gregoire Everton,0735 Russell Junction,928-253-8501,gevertonl@newsvine.com,21/08/1995,1400,690
70000022,Burgess Mattisson,7883 Kropf Plaza,472-712-6052,bmattissonm@alibaba.com,29/08/1977,9310,590
70000023,Harriett Marchment,83 Jay Lane,373-184-8893,hmarchmentn@artisteer.com,02/11/1998,8224,741
70000024,Norby Dunstone,5 Charing Cross Trail,244-938-0082,ndunstoneo@blinklist.com,26/03/1992,9783,638
70000025,Lana Smallwood,6 Memorial Plaza,747-360-0813,lsmallwoodp@cafepress.com,31/10/1965,3974,743
70000026,Alon Zoane,66448 Bobwhite Trail,429-135-8516,azoaneq@networksolutions.com,21/09/1967,6744,520
70000027,Corene Gremane,04749 Sunnyside Court,776-546-1108,cgremaner@t-online.de,16/04/1968,3938,597
70000028,Kaine Scedall,4 Bluejay Center,559-721-4959,kscedalls@wisc.edu,12/03/1981,7721,537
70000029,Matthew Chadbourne,1830 Golf Park,211-417-0143,mchadbournet@instagram.com,06/05/1976,6073,526
70000030,Andrea Milmore,2815 Tomscot Lane,238-296-2692,amilmoreu@addtoany.com,19/07/1974,9174,688
70000031,Zuzana Frankland,03 Lindbergh Avenue,872-166-9602,zfranklandv@unblog.fr,21/12/2000,1849,544
70000032,Colas Rubinfeld,04 Clyde Gallagher Trail,260-244-0934,crubinfeldw@globo.com,10/03/1964,2809,637
70000033,Chelsie Loomes,1 Mallard Drive,968-497-1681,cloomesx@amazonaws.com,02/09/1999,7337,660
70000034,Billy Thorp,61509 Main Circle,688-570-7369,bthorpy@ftc.gov,20/04/1986,7810,578
70000035,Tore Giorgi,48 Butternut Hill,664-704-8400,tgiorgiz@microsoft.com,04/01/1992,8908,673
70000036,Rubetta Orehead,49 Debra Street,743-719-8207,rorehead10@umich.edu,05/11/1970,4874,536
70000037,Wald Stringfellow,009 4th Lane,177-949-7688,wstringfellow11@t.co,21/02/1986,4914,639
70000038,Livvy Betz,38852 Hauk Road,995-996-3643,lbetz12@prlog.org,20/11/1989,2186,762
70000039,Cathe Ivakin,2395 Morrow Center,422-594-5471,civakin13@who.int,31/08/1987,6782,573
70000040,Ody Gerriet,6478 Lake View Parkway,489-282-6509,ogerriet14@t-online.de,17/07/1969,4011,612
70000041,Alexandra Crain,1 Monterey Center,608-885-3945,acrain15@dagondesign.com,21/07/1993,7791,730
70000042,Matilde Videneev,09 Sage Place,659-934-7885,mvideneev16@cargocollective.com,05/08/1985,9112,568
70000043,Walliw Primo,911 Orin Alley,695-735-0982,wprimo17@printfriendly.com,19/06/1961,8448,524
70000044,Ladonna Blakey,073 Dottie Crossing,284-918-3006,lblakey18@narod.ru,15/05/1978,4148,569
70000045,Dasi Gritskov,95 Logan Place,382-884-2595,dgritskov19@miitbeian.gov.cn,20/01/1998,5493,593
70000046,Gino Skeldinge,09780 Susan Drive,641-828-3493,gskeldinge1a@youtube.com,06/12/1992,4044,756
70000047,Willy Wellum,68646 Thackeray Way,969-232-7669,wwellum1b@flickr.com,16/11/1976,2449,742
70000048,Ilka Fones,0712 Eagan Point,765-979-5194,ifones1c@ycombinator.com,03/07/1972,3474,726
70000049,Josi Schimek,0673 Loftsgordon Park,581-911-1958,jschimek1d@newsvine.com,24/01/1976,7421,711
