CAMPAIGN_ID,NOMBRE,PRESUPUESTO,FECHA_INICIO,FECHA_FIN,PLAN_ACCION,KPI_REAL,KPI_OBJETIVO,CODIGO_CRM
1,et ultrices,5417,01/01/2019,30/01/2019,at feugiat non pretium quis lectus,10,77,101
2,sed,9787,01/01/2019,30/01/2019,etiam faucibus cursus urna ut tellus,10,18,102
3,quisque,4497,01/01/2019,30/01/2019,duis at velit,26,30,103
4,porta,2879,01/01/2019,30/01/2019,dapibus nulla suscipit ligula in lacus,68,79,104
5,duis bibendum,8876,01/01/2019,30/01/2019,a nibh in quis justo,83,81,105
6,eu pede,6768,01/01/2019,30/01/2019,ante ipsum primis,87,92,106
7,congue risus,6249,01/01/2019,30/01/2019,quisque id justo,38,37,107
8,tristique fusce,5474,01/01/2019,30/01/2019,mi integer ac,49,80,108
9,cras pellentesque,4684,01/01/2019,30/01/2019,luctus tincidunt nulla mollis,71,27,109
10,tempor turpis,7050,01/01/2019,30/01/2019,nullam varius nulla facilisi,36,96,110
11,leo,8627,01/01/2019,30/01/2019,libero rutrum ac,43,82,111
12,nulla ut,3743,01/01/2019,30/01/2019,ac est lacinia nisi venenatis,76,6,112
13,nulla,1845,01/01/2019,30/01/2019,sed nisl nunc rhoncus,96,69,113
14,velit donec,5560,01/01/2019,30/01/2019,venenatis non sodales sed tincidunt eu,26,100,114
15,morbi,5565,01/01/2019,30/01/2019,curabitur in libero ut,90,2,115
16,at,8256,01/01/2019,30/01/2019,aliquam erat volutpat,85,28,116
17,mauris ullamcorper,6776,01/01/2019,30/01/2019,libero nullam sit,61,2,117
18,erat fermentum,6668,01/01/2019,30/01/2019,semper rutrum nulla nunc purus phasellus,51,16,118
19,euismod scelerisque,7573,01/01/2019,30/01/2019,nec euismod scelerisque quam,35,12,119
20,vel nulla,6702,01/01/2019,30/01/2019,sapien in sapien iaculis,65,47,120
