<?xml version="1.0" encoding="UTF-8"?>
<project-private xmlns="http://www.netbeans.org/ns/project-private/1">
    <editor-bookmarks xmlns="http://www.netbeans.org/ns/editor-bookmarks/2" lastBookmarkId="0"/>
    <open-files xmlns="http://www.netbeans.org/ns/projectui-open-files/2">
        <group>
            <file>file:/C:/Users/gian_/OneDrive/Escritorio/ProyectoInt_v7/ProyectoInt/src/tablas/ClienteCampaign.java</file>
            <file>file:/C:/Users/gian_/OneDrive/Escritorio/ProyectoInt_v7/ProyectoInt/src/view/MenuCRMIU.java</file>
            <file>file:/C:/Users/gian_/OneDrive/Escritorio/ProyectoInt_v7/ProyectoInt/src/tablas/Cliente.java</file>
            <file>file:/C:/Users/gian_/OneDrive/Escritorio/ProyectoInt_v7/ProyectoInt/src/view/RegistroClienteIU.java</file>
            <file>file:/C:/Users/gian_/OneDrive/Escritorio/ProyectoInt_v7/ProyectoInt/src/tablas/ClienteOferta.java</file>
            <file>file:/C:/Users/gian_/OneDrive/Escritorio/ProyectoInt_v7/ProyectoInt/src/manage/VerificacionDB.java</file>
            <file>file:/C:/Users/gian_/OneDrive/Escritorio/ProyectoInt_v7/ProyectoInt/src/manage/ClienteDB.java</file>
            <file>file:/C:/Users/gian_/OneDrive/Escritorio/ProyectoInt_v7/ProyectoInt/src/manage/CampaignDB.java</file>
            <file>file:/C:/Users/gian_/OneDrive/Escritorio/ProyectoInt_v7/ProyectoInt/src/tablas/Campaign.java</file>
            <file>file:/C:/Users/gian_/OneDrive/Escritorio/ProyectoInt_v7/ProyectoInt/src/view/MenuAdvisorIU.java</file>
            <file>file:/C:/Users/gian_/OneDrive/Escritorio/ProyectoInt_v7/ProyectoInt/src/view/RegistroCampaignIU.java</file>
            <file>file:/C:/Users/gian_/OneDrive/Escritorio/ProyectoInt_v7/ProyectoInt/src/view/ListaClienteOfertaIU.java</file>
            <file>file:/C:/Users/gian_/OneDrive/Escritorio/ProyectoInt_v7/ProyectoInt/src/manage/ClienteOfertaDB.java</file>
            <file>file:/C:/Users/gian_/OneDrive/Escritorio/ProyectoInt_v7/ProyectoInt/src/view/ListaClientesCampaignIU.java</file>
            <file>file:/C:/Users/gian_/OneDrive/Escritorio/ProyectoInt_v7/ProyectoInt/src/tablas/Usuario.java</file>
            <file>file:/C:/Users/gian_/OneDrive/Escritorio/ProyectoInt_v7/ProyectoInt/src/conexion/jdbcutil.java</file>
            <file>file:/C:/Users/gian_/OneDrive/Escritorio/ProyectoInt_v7/ProyectoInt/src/manage/OfertaDB.java</file>
            <file>file:/C:/Users/gian_/OneDrive/Escritorio/ProyectoInt_v7/ProyectoInt/src/manage/ClientesCampaignDB.java</file>
        </group>
    </open-files>
</project-private>
